{
    "loss": 0.40849652886390686,
    "accuracy": 0.9556451439857483
}