{
    "loss": 1.5989620685577393,
    "accuracy": 0.8225806355476379
}